{
    "version": "0",
    "id": "c9059173-92a7-7e79-0557-6ff22bd2a346",
    "detail-type": "CodeCommit Pull Request State Change",
    "source": "aws.codecommit",
    "account": "138526278948",
    "time": "2022-04-06T06:29:12Z",
    "region": "eu-west-1",
    "resources": [
        "arn:aws:codecommit:eu-west-1:138526278948:test-pull-request"
    ],
    "detail": {
        "author": "arn:aws:iam::138526278948:user/jchigumba@shoprite.co.za",
        "callerUserArn": "arn:aws:iam::138526278948:user/jchigumba@shoprite.co.za",
        "creationDate": "Wed Apr 06 06:29:03 UTC 2022",
        "description": "really",
        "destinationCommit": "a02b00e9ffbdbf3188ac446cca3501481cc438d4",
        "destinationReference": "refs/heads/main",
        "event": "pullRequestCreated",
        "isMerged": "False",
        "lastModifiedDate": "Wed Apr 06 06:29:03 UTC 2022",
        "notificationBody": "A pull request event occurred in the following AWS CodeCommit repository: test-pull-request. User: arn:aws:iam::138526278948:user/jchigumba@shoprite.co.za. Event: Created. Pull request name: 412. Additional information: A pull request was created with the following ID: 412. The title of the pull request is: really. For more information, go to the AWS CodeCommit console https://eu-west-1.console.aws.amazon.com/codesuite/codecommit/repositories/test-pull-request/pull-requests/412?region=eu-west-1.",
        "pullRequestId": "412",
        "pullRequestStatus": "Open",
        "repositoryNames": [
            "test-pull-request"
        ],
        "revisionId": "402d804922862e0886002cfaa3bc294ac8a7a5f819542c6babcf84490ae33846",
        "sourceCommit": "85f51045d46c343ec8c6bcb9bca58dec7ce9925d",
        "sourceReference": "refs/heads/dev",
        "title": "really"
    }
}