{
    "version": "0",
    "id": "7fbaf8d4-6c74-9955-e75e-0f319b791401",
    "detail-type": "CodeBuild Build State Change",
    "source": "aws.codebuild",
    "account": "138526278948",
    "time": "2022-04-06T06:37:38Z",
    "region": "eu-west-1",
    "resources": [
        "arn:aws:codebuild:eu-west-1:138526278948:build/codecheck-srx-web:5f9e5e7a-359a-4fc5-8005-5649d9117206"
    ],
    "detail": {
        "build-status": "IN_PROGRESS",
        "project-name": "codecheck-srx-web",
        "build-id": "arn:aws:codebuild:eu-west-1:138526278948:build/codecheck-srx-web:5f9e5e7a-359a-4fc5-8005-5649d9117206",
        "additional-information": {
            "cache": {
                "type": "NO_CACHE"
            },
            "timeout-in-minutes": 60,
            "build-complete": false,
            "initiator": "codecheck-srx-web/codecheck-srx-web",
            "build-start-time": "Apr 6, 2022 6:37:37 AM",
            "source": {
                "buildspec": "test-pull-request.yml",
                "location": "https://git-codecommit.eu-west-1.amazonaws.com/v1/repos/test-pull-request",
                "git-clone-depth": 1,
                "type": "CODECOMMIT"
            },
            "source-version": "refs/heads/dev",
            "artifact": {
                "location": ""
            },
            "environment": {
                "image": "aws/codebuild/amazonlinux2-x86_64-standard:3.0",
                "privileged-mode": false,
                "image-pull-credentials-type": "CODEBUILD",
                "compute-type": "BUILD_GENERAL1_SMALL",
                "type": "LINUX_CONTAINER",
                "environment-variables": [
                    {
                        "name": "branch",
                        "type": "PLAINTEXT",
                        "value": "main"
                    },
                    {
                        "name": "destinationCommit",
                        "type": "PLAINTEXT",
                        "value": "a02b00e9ffbdbf3188ac446cca3501481cc438d4"
                    },
                    {
                        "name": "sourceCommit",
                        "type": "PLAINTEXT",
                        "value": "85f51045d46c343ec8c6bcb9bca58dec7ce9925d"
                    },
                    {
                        "name": "pullRequestId",
                        "type": "PLAINTEXT",
                        "value": "413"
                    },
                    {
                        "name": "repositoryName",
                        "type": "PLAINTEXT",
                        "value": "srx-web-auth"
                    }
                ]
            },
            "logs": {
                "deep-link": "https://console.aws.amazon.com/cloudwatch/home?region=eu-west-1#logEvent:group=null;stream=null"
            },
            "queued-timeout-in-minutes": 480
        },
        "current-phase": "SUBMITTED",
        "current-phase-context": "[]",
        "version": "1"
    }
}